<?xml version="1.0"?>
<!--
/**
 * NOTICE OF LICENSE
 *
 * This source file is subject to the Open Software License (OSL 3.0)
 * that is bundled with this package in the file LICENSE.txt.
 * It is also available through the world-wide-web at this URL:
 * http://opensource.org/licenses/osl-3.0.php
 *
 * @category   Soczed
 * @package    Soczed_Less
 * @copyright  Copyright (c) 2012 Soczed <magento@soczed.com> (Benoît Leulliette <benoit@soczed.com>)
 * @license    http://opensource.org/licenses/osl-3.0.php  Open Software License (OSL 3.0)
 */
-->
<config>
    <acl>
        <resources>
            <all>
                <title>Allow Everything</title>
            </all>
            <admin>
                <children>
                    <system>
                        <children>
                            <config>
                                <children>
                                    <less translate="title" module="less">
                                        <title>Less</title>
                                    </less>
                                </children>
                            </config>
                            <less translate="title" module="less">
                                <title>Less Files</title>
                                <sort_order>2000</sort_order>
                            </less>
                        </children>
                    </system>
                </children>
            </admin>
        </resources>
    </acl>
    <layout>
        <updates>
            <less>
                <file>soczed/less.xml</file>
            </less>
        </updates>
    </layout>
    <menu>
        <system>
            <children>
                <less translate="title" module="less">
                    <title>Less Files</title>
                    <sort_order>2000</sort_order>
                    <action>less/adminhtml_file/index</action>
                </less>
            </children>
        </system>
    </menu>
    <translate>
        <modules>
            <Soczed_Less>
                <files>
                    <default>Soczed_Less.csv</default>
                </files>
            </Soczed_Less>
        </modules>
    </translate>
</config>