<?xml version="1.0"?>
<config>
	<tabs>
        <novaworks translate="label">
            <label>NovaWorks Theme</label>
            <sort_order>200</sort_order>
        </novaworks>
    </tabs>
    <sections>
      <themeoptions_general translate="label">
			<label>General</label>
			<tab>novaworks</tab>
			<frontend_type>text</frontend_type>
			<sort_order>100</sort_order>
			<show_in_default>1</show_in_default>
			<show_in_website>1</show_in_website>
			<show_in_store>1</show_in_store>
            <groups>
				<general_options translate="label">
                    <label>General Options</label>
                    <frontend_type>text</frontend_type>
                    <sort_order>0</sort_order>
                    <show_in_default>1</show_in_default>
                    <show_in_website>1</show_in_website>
                    <show_in_store>1</show_in_store>
                    <fields>
						<responsive_layout translate="label">
							<label>Responsive Layout</label>
                            <frontend_type>select</frontend_type>
                            <source_model>adminhtml/system_config_source_enabledisable</source_model>
                            <sort_order>1</sort_order>
                            <show_in_default>1</show_in_default>
                            <show_in_website>1</show_in_website>
                            <show_in_store>1</show_in_store>
						</responsive_layout>	
						<menu_type translate="label">
							<label>Menu Type</label>
							<comment></comment>
                            <frontend_type>select</frontend_type>
							<source_model>themeoptions/menutype</source_model>
                            <sort_order>2</sort_order>
                            <show_in_default>1</show_in_default>
                            <show_in_website>1</show_in_website>
                            <show_in_store>1</show_in_store>
						</menu_type>
						<your_twitter_account translate="label">
                            <label>Your twitter account</label>
                            <frontend_type>text</frontend_type>
                            <comment>Enter your twitter account to show Twitter box in bottom</comment>
                            <sort_order>3</sort_order>
                            <show_in_default>1</show_in_default>
                            <show_in_website>1</show_in_website>
                            <show_in_store>1</show_in_store>
            			</your_twitter_account>
						<your_twitter_consumer_key translate="label">
                            <label>Twitter Consumer key</label>
                            <frontend_type>text</frontend_type>
                            <sort_order>4</sort_order>
                            <show_in_default>1</show_in_default>
                            <show_in_website>1</show_in_website>
                            <show_in_store>1</show_in_store>
            			</your_twitter_consumer_key>
						<your_twitter_consumer_secret translate="label">
                            <label>Twitter Consumer secret</label>
                            <frontend_type>text</frontend_type>
                            <sort_order>5</sort_order>
                            <show_in_default>1</show_in_default>
                            <show_in_website>1</show_in_website>
                            <show_in_store>1</show_in_store>
            			</your_twitter_consumer_secret>
						<your_twitter_access_token translate="label">
                            <label>Twitter Access token</label>
                            <frontend_type>text</frontend_type>
                            <sort_order>6</sort_order>
                            <show_in_default>1</show_in_default>
                            <show_in_website>1</show_in_website>
                            <show_in_store>1</show_in_store>
            			</your_twitter_access_token>
						<your_twitter_access_token_secret translate="label">
                            <label>Twitter Access token secret</label>
                            <frontend_type>text</frontend_type>
                            <sort_order>7</sort_order>
                            <show_in_default>1</show_in_default>
                            <show_in_website>1</show_in_website>
                            <show_in_store>1</show_in_store>
            			</your_twitter_access_token_secret>
						<your_fb_url translate="label">
                            <label>Your Facebook Page url</label>
                            <frontend_type>text</frontend_type>
                            <sort_order>8</sort_order>
                            <show_in_default>1</show_in_default>
                            <show_in_website>1</show_in_website>
                            <show_in_store>1</show_in_store>
            			</your_fb_url>
						<gotop_button translate="label">
							<label>Go Top button</label>
							<comment>Show Go Top button</comment>
                            <frontend_type>select</frontend_type>
                            <source_model>adminhtml/system_config_source_enabledisable</source_model>
                            <sort_order>9</sort_order>
                            <show_in_default>1</show_in_default>
                            <show_in_website>1</show_in_website>
                            <show_in_store>1</show_in_store>
						</gotop_button>		
		
					</fields>
				</general_options>
				<prodcuts_list_page translate="label">
                    <label>Products list page</label>
                    <frontend_type>text</frontend_type>
                    <sort_order>1</sort_order>
                    <show_in_default>1</show_in_default>
                    <show_in_website>1</show_in_website>
                    <show_in_store>1</show_in_store>
                    <fields>
						<!--<products_per_row translate="label">
							<label>Products per row</label>
                            <frontend_type>select</frontend_type>
							<source_model>themeoptions/productsperrow</source_model>
                            <sort_order>10</sort_order>
                            <show_in_default>1</show_in_default>
                            <show_in_website>1</show_in_website>
                            <show_in_store>1</show_in_store>
						</products_per_row>-->
			        <layout_one_column translate="label">
					        <label>Products Each row (For One column layout)</label>
					        <frontend_type>select</frontend_type>
					        <source_model>themeoptions/layoutonecolumn</source_model>
					        <sort_order>10</sort_order>
					        <show_in_default>1</show_in_default>
					        <show_in_website>1</show_in_website>
					        <show_in_store>1</show_in_store>
					</layout_one_column>
			        <layout_two_column translate="label">
					        <label>Products Each row (For Two column layout)</label>
					        <frontend_type>select</frontend_type>
					        <source_model>themeoptions/layouttwocolumn</source_model>
					        <sort_order>11</sort_order>
					        <show_in_default>1</show_in_default>
					        <show_in_website>1</show_in_website>
					        <show_in_store>1</show_in_store>
					</layout_two_column>
			        <layout_three_column translate="label">
					        <label>Products Each row (For Three column layout)</label>
					        <frontend_type>select</frontend_type>
					        <source_model>themeoptions/layoutthreecolumn</source_model>
					        <sort_order>12</sort_order>
					        <show_in_default>1</show_in_default>
					        <show_in_website>1</show_in_website>
					        <show_in_store>1</show_in_store>
					</layout_three_column>
						<standard_image_width translate="label">
                            <label>Standard product image width (px)</label>
                            <frontend_type>text</frontend_type>
                            <comment>Standard size: 310px (This is image size max.It will be auto resize by products each row)</comment>
                            <sort_order>20</sort_order>
                            <show_in_default>1</show_in_default>
                            <show_in_website>1</show_in_website>
                            <show_in_store>1</show_in_store>
            			</standard_image_width>
  						<standard_image_height translate="label">
                            <label>Standard product image height (px)</label>
                            <frontend_type>text</frontend_type>
                            <comment>Standard size: 424px (This is image size max.It will be auto resize by products each row)</comment>
                            <sort_order>30</sort_order>
                            <show_in_default>1</show_in_default>
                            <show_in_website>1</show_in_website>
                            <show_in_store>1</show_in_store>
            			</standard_image_height>  			
						<shopping_options translate="label">
							<label>Shopping options</label>
                            <frontend_type>select</frontend_type>
							<source_model>themeoptions/shoppingoptions</source_model>
                            <sort_order>40</sort_order>
                            <show_in_default>1</show_in_default>
                            <show_in_website>1</show_in_website>
                            <show_in_store>1</show_in_store>
						</shopping_options>
						<rating_wishlist_compare translate="label">
							<label>Rating star and "Add to Wishlist" and "Add to Compare" buttons</label>
                            <frontend_type>select</frontend_type>
                            <source_model>adminhtml/system_config_source_enabledisable</source_model>
                            <sort_order>50</sort_order>
                            <show_in_default>1</show_in_default>
                            <show_in_website>1</show_in_website>
                            <show_in_store>1</show_in_store>
						</rating_wishlist_compare>	
						<new_product_label translate="label">
							<label>"New Product" label</label>
                            <frontend_type>select</frontend_type>
                            <source_model>adminhtml/system_config_source_enabledisable</source_model>
                            <sort_order>60</sort_order>
                            <show_in_default>1</show_in_default>
                            <show_in_website>1</show_in_website>
                            <show_in_store>1</show_in_store>
						</new_product_label>
						<sale_product_label translate="label">
							<label>"Sale Product" label</label>
                            <frontend_type>select</frontend_type>
                            <source_model>adminhtml/system_config_source_enabledisable</source_model>
                            <sort_order>80</sort_order>
                            <show_in_default>1</show_in_default>
                            <show_in_website>1</show_in_website>
                            <show_in_store>1</show_in_store>
						</sale_product_label>		
						<image_product_hover translate="label">
							<label>Image Product hover</label>
							<comment>Change product image when hover</comment>
                            <frontend_type>select</frontend_type>
                            <source_model>adminhtml/system_config_source_enabledisable</source_model>
                            <sort_order>100</sort_order>
                            <show_in_default>1</show_in_default>
                            <show_in_website>1</show_in_website>
                            <show_in_store>1</show_in_store>
						</image_product_hover>																																											
					</fields>
				</prodcuts_list_page>						
				<prodcuts_details_page translate="label">
                    <label>Product Details Page</label>
                    <frontend_type>text</frontend_type>
                    <sort_order>50</sort_order>
                    <show_in_default>1</show_in_default>
                    <show_in_website>1</show_in_website>
                    <show_in_store>1</show_in_store>
                    <fields>
						<product_main_width translate="label">
                            <label>Main Image Width (px)</label>
							<comment>
								If width is not specified, default width and height will be used (478 pixels).
							</comment>
                            <frontend_type>text</frontend_type>
                            <sort_order>10</sort_order>
                            <show_in_default>1</show_in_default>
                            <show_in_website>1</show_in_website>
                            <show_in_store>1</show_in_store>
                        </product_main_width>
						<product_main_height translate="label">
                            <label>Main Image Height (px)</label>
							<comment>If width is not specified, default width and height will be used (654 pixels).</comment>
                            <frontend_type>text</frontend_type>
                            <sort_order>20</sort_order>
                            <show_in_default>1</show_in_default>
                            <show_in_website>1</show_in_website>
                            <show_in_store>1</show_in_store>
                        </product_main_height>
						<product_thumbnail_width translate="label">
                            <label>Thumbnail Image Width (px)</label>
							<comment>If width is not specified, default width and height will be used (161 pixels).</comment>
                            <frontend_type>text</frontend_type>
                            <sort_order>30</sort_order>
                            <show_in_default>1</show_in_default>
                            <show_in_website>1</show_in_website>
                            <show_in_store>1</show_in_store>
                        </product_thumbnail_width>
						<product_thumbnail_height translate="label">
                            <label>Thumbnail Image Height (px)</label>
							<comment>If width is not specified, default width and height will be used (220 pixels).</comment>
                            <frontend_type>text</frontend_type>
                            <sort_order>40</sort_order>
                            <show_in_default>1</show_in_default>
                            <show_in_website>1</show_in_website>
                            <show_in_store>1</show_in_store>
                        </product_thumbnail_height>
					</fields>
				</prodcuts_details_page>				
            </groups>
        </themeoptions_general>
		<themeoptions_homepage_content translate="label" module="themeoptions">
			<label>Home Content</label>
            <sort_order>300</sort_order>
            <show_in_default>1</show_in_default>
            <show_in_website>1</show_in_website>
            <show_in_store>1</show_in_store>
            <tab>novaworks</tab>
            <groups>				
				<homepagecontent translate="label">
                    <label>Homepage Content</label>
                    <frontend_type>text</frontend_type>
                    <sort_order>2</sort_order>
                    <show_in_default>1</show_in_default>
                    <show_in_website>1</show_in_website>
                    <show_in_store>1</show_in_store>
                    <fields>
				        <first_status translate="label">
					        <label>First Row</label>
					        <frontend_type>select</frontend_type>
					        <source_model>adminhtml/system_config_source_enabledisable</source_model>
					        <sort_order>0</sort_order>
					        <show_in_default>1</show_in_default>
					        <show_in_website>1</show_in_website>
					        <show_in_store>1</show_in_store>
				        </first_status>
						<!--######################## First Row ########################-->
						<first translate="label">
							<label>First Row Settings</label>
							<frontend_model>adminhtml/system_config_form_field_heading</frontend_model>
							<sort_order>1</sort_order>
							<show_in_default>1</show_in_default>
							<show_in_website>1</show_in_website>
							<show_in_store>1</show_in_store>		
							<depends>
								<first_status>1</first_status>
							</depends>												
						</first>   						
				        <homeinfostype_1_1 translate="label">
					        <label>First Row Info Type</label>
					        <frontend_type>select</frontend_type>
					        <source_model>themeoptions/homeinfotype</source_model>
					        <comment>Choose type of info to display on the homepage</comment>
					        <sort_order>2</sort_order>
					        <show_in_default>1</show_in_default>
					        <show_in_website>1</show_in_website>
					        <show_in_store>1</show_in_store>
							<depends>
								<first_status>1</first_status>
							</depends>	
				        </homeinfostype_1_1>
				        <homecoltitle_1_1 translate="label">
					        <label>First Row Block Title</label>
					        <frontend_type>Text</frontend_type>
					        <sort_order>3</sort_order>
					        <show_in_default>1</show_in_default>
					        <show_in_website>1</show_in_website>
					        <show_in_store>1</show_in_store>
							<depends>
								<first_status>1</first_status>
							</depends>						        
				        </homecoltitle_1_1>
				        <homeproductstype_1_1 translate="label">
					        <label>First Row Products Type</label>
					        <frontend_type>select</frontend_type>
					        <source_model>themeoptions/productstypes</source_model>
					        <comment>Choose type of products to display on the homepage</comment>
					        <sort_order>4</sort_order>
					        <show_in_default>1</show_in_default>
					        <show_in_website>1</show_in_website>
					        <show_in_store>1</show_in_store>
							<depends>
								<first_status>1</first_status>
								<homeinfostype_1_1>1</homeinfostype_1_1>
							</depends>
				        </homeproductstype_1_1>    
				        <productsamount_1_1 translate="label">
					        <label>First Row Count of products to display</label>
					        <frontend_type>text</frontend_type>
					        <sort_order>7</sort_order>
					        <show_in_default>1</show_in_default>
					        <show_in_website>1</show_in_website>
					        <show_in_store>1</show_in_store>
							<depends>
								<first_status>1</first_status>
								<homeinfostype_1_1>1</homeinfostype_1_1>
							</depends>
				        </productsamount_1_1>				        
				        <homecustomblock_1_1 translate="label">
					        <label>First Row Block Identifier</label>
					        <frontend_type>text</frontend_type>
					        <sort_order>8</sort_order>
					        <show_in_default>1</show_in_default>
					        <show_in_website>1</show_in_website>
					        <show_in_store>1</show_in_store>
							<depends>
								<first_status>1</first_status>
								<homeinfostype_1_1>2</homeinfostype_1_1>
							</depends>
				        </homecustomblock_1_1>
						<!--######################## Second Row ########################-->
				        <second_status translate="label">
					        <label>Second Row</label>
					        <frontend_type>select</frontend_type>
					        <source_model>adminhtml/system_config_source_enabledisable</source_model>
					        <sort_order>9</sort_order>
					        <show_in_default>1</show_in_default>
					        <show_in_website>1</show_in_website>
					        <show_in_store>1</show_in_store>
				        </second_status>						
						<second translate="label">
							<label>Second Row Settings</label>
							<frontend_model>adminhtml/system_config_form_field_heading</frontend_model>
							<sort_order>9</sort_order>
							<show_in_default>1</show_in_default>
							<show_in_website>1</show_in_website>
							<show_in_store>1</show_in_store>
							<depends>
								<second_status>1</second_status>
							</depends>							
						</second>   						
				        <homeinfostype_1_2 translate="label">
					        <label>Second Row Info Type</label>
					        <frontend_type>select</frontend_type>
					        <source_model>themeoptions/homeinfotype</source_model>
					        <comment>Choose type of info to display on the homepage</comment>
					        <sort_order>10</sort_order>
					        <show_in_default>1</show_in_default>
					        <show_in_website>1</show_in_website>
					        <show_in_store>1</show_in_store>
							<depends>
								<second_status>1</second_status>
							</depends>
				        </homeinfostype_1_2>
				        <homecoltitle_1_2 translate="label">
					        <label>Second Row Block Title</label>
					        <frontend_type>Text</frontend_type>
					        <sort_order>11</sort_order>
					        <show_in_default>1</show_in_default>
					        <show_in_website>1</show_in_website>
					        <show_in_store>1</show_in_store>
							<depends>
								<second_status>1</second_status>
							</depends>
				        </homecoltitle_1_2>
				        <homeproductstype_1_2 translate="label">
					        <label>Second Row Products Type</label>
					        <frontend_type>select</frontend_type>
					        <source_model>themeoptions/productstypes</source_model>
					        <comment>Choose type of products to display on the homepage</comment>
					        <sort_order>12</sort_order>
					        <show_in_default>1</show_in_default>
					        <show_in_website>1</show_in_website>
					        <show_in_store>1</show_in_store>
							<depends>
								<second_status>1</second_status>
								<homeinfostype_1_2>1</homeinfostype_1_2>
							</depends>
				        </homeproductstype_1_2>

				        
				        <productsamount_1_2 translate="label">
					        <label>Second Row Count of products to display</label>
					        <frontend_type>text</frontend_type>
					        <sort_order>15</sort_order>
					        <show_in_default>1</show_in_default>
					        <show_in_website>1</show_in_website>
					        <show_in_store>1</show_in_store>
							<depends>
								<second_status>1</second_status>
								<homeinfostype_1_2>1</homeinfostype_1_2>
							</depends>
				        </productsamount_1_2>				        
				        <homecustomblock_1_2 translate="label">
					        <label>Second Row Block Identifier</label>
					        <frontend_type>text</frontend_type>
					        <sort_order>16</sort_order>
					        <show_in_default>1</show_in_default>
					        <show_in_website>1</show_in_website>
					        <show_in_store>1</show_in_store>
							<depends>
								<second_status>1</second_status>
								<homeinfostype_1_2>2</homeinfostype_1_2>
							</depends>
				        </homecustomblock_1_2>						
			<!--######################## Third Row ########################-->
				        <third_status translate="label">
					        <label>Third Row</label>
					        <frontend_type>select</frontend_type>
					        <source_model>adminhtml/system_config_source_enabledisable</source_model>
					        <sort_order>17</sort_order>
					        <show_in_default>1</show_in_default>
					        <show_in_website>1</show_in_website>
					        <show_in_store>1</show_in_store>
				        </third_status>			
						<third translate="label">
							<label>Third Row Settings</label>
							<frontend_model>adminhtml/system_config_form_field_heading</frontend_model>
							<sort_order>17</sort_order>
							<show_in_default>1</show_in_default>
							<show_in_website>1</show_in_website>
							<show_in_store>1</show_in_store>
							<depends>
								<third_status>1</third_status>
							</depends>							
						</third>   						
				        <homeinfostype_1_3 translate="label">
					        <label>Third Row Info Type</label>
					        <frontend_type>select</frontend_type>
					        <source_model>themeoptions/homeinfotype</source_model>
					        <comment>Choose type of info to display on the homepage</comment>
					        <sort_order>18</sort_order>
					        <show_in_default>1</show_in_default>
					        <show_in_website>1</show_in_website>
					        <show_in_store>1</show_in_store>
							<depends>
								<third_status>1</third_status>
							</depends>
				        </homeinfostype_1_3>
				        <homecoltitle_1_3 translate="label">
					        <label>Third Row Block Title</label>
					        <frontend_type>Text</frontend_type>
					        <sort_order>19</sort_order>
					        <show_in_default>1</show_in_default>
					        <show_in_website>1</show_in_website>
					        <show_in_store>1</show_in_store>
							<depends>
								<third_status>1</third_status>
							</depends>
				        </homecoltitle_1_3>
				        <homeproductstype_1_3 translate="label">
					        <label>Third Row Products Type</label>
					        <frontend_type>select</frontend_type>
					        <source_model>themeoptions/productstypes</source_model>
					        <comment>Choose type of products to display on the homepage</comment>
					        <sort_order>20</sort_order>
					        <show_in_default>1</show_in_default>
					        <show_in_website>1</show_in_website>
					        <show_in_store>1</show_in_store>
							<depends>
								<third_status>1</third_status>
								<homeinfostype_1_3>1</homeinfostype_1_3>
							</depends>
				        </homeproductstype_1_3>

	
				        
				        <productsamount_1_3 translate="label">
					        <label>Third Row Count of products to display</label>
					        <frontend_type>text</frontend_type>
					        <sort_order>23</sort_order>
					        <show_in_default>1</show_in_default>
					        <show_in_website>1</show_in_website>
					        <show_in_store>1</show_in_store>
							<depends>
								<third_status>1</third_status>
								<homeinfostype_1_3>1</homeinfostype_1_3>
							</depends>
				        </productsamount_1_3>				        
				        <homecustomblock_1_3 translate="label">
					        <label>Third Row Block Identifier</label>
					        <frontend_type>text</frontend_type>
					        <sort_order>24</sort_order>
					        <show_in_default>1</show_in_default>
					        <show_in_website>1</show_in_website>
					        <show_in_store>1</show_in_store>
							<depends>
								<third_status>1</third_status>
								<homeinfostype_1_3>2</homeinfostype_1_3>
							</depends>
				        </homecustomblock_1_3>							
				
	
                    </fields>
                </homepagecontent>  
            </groups>
        </themeoptions_homepage_content>                              
		<themeoptions_theming translate="label" module="themeoptions">
			<label>Theming</label>
            <sort_order>400</sort_order>
            <show_in_default>1</show_in_default>
            <show_in_website>1</show_in_website>
            <show_in_store>1</show_in_store>
            <tab>novaworks</tab>
            <groups>
				
				<theme_general translate="label">
                    <label>General</label>
                    <frontend_type>text</frontend_type>
                    <sort_order>1</sort_order>
                    <show_in_default>1</show_in_default>
                    <show_in_website>1</show_in_website>
                    <show_in_store>1</show_in_store>
                    <fields>          
						<theme_layout translate="label">
							<label>Choose Layout</label>
							<frontend_type>Select</frontend_type>
							<source_model>themeoptions/themelayout</source_model>			
							<sort_order>10</sort_order>
							<show_in_default>1</show_in_default>
							<show_in_website>1</show_in_website>
							<show_in_store>1</show_in_store>
						</theme_layout> 
		        		<box_shadow translate="label">
					        <label>Box Shadow</label>
					        <frontend_type>select</frontend_type>
					        <source_model>adminhtml/system_config_source_yesno</source_model>
					        <sort_order>20</sort_order>
					        <show_in_default>1</show_in_default>
					        <show_in_website>1</show_in_website>
					        <show_in_store>1</show_in_store>
							<theme_layout>
								<presets>2</presets>
							</theme_layout>
				        </box_shadow>        
						<heading_font translate="label">
							<label>Choose Heading Font</label>
							<frontend_type>Select</frontend_type>
							<source_model>themeoptions/fonts</source_model>			
							<sort_order>30</sort_order>
							<show_in_default>1</show_in_default>
							<show_in_website>1</show_in_website>
							<show_in_store>1</show_in_store>
						</heading_font>
					</fields> 
                </theme_general>   
				<theme_presets translate="label">
                    <label>Presets Setting</label>
                    <frontend_type>text</frontend_type>
                    <sort_order>20</sort_order>
                    <show_in_default>1</show_in_default>
                    <show_in_website>1</show_in_website>
                    <show_in_store>1</show_in_store>
                    <fields>                   
						<presets translate="label">
							<label>Presets</label>
							<frontend_type>Select</frontend_type>
							<source_model>themeoptions/presets</source_model>			
							<sort_order>2</sort_order>
							<show_in_default>1</show_in_default>
							<show_in_website>1</show_in_website>
							<show_in_store>1</show_in_store>
						</presets>
						<!-- Light Preset -->
						<l_background translate="label">
							<label>Background Settings</label>
							<frontend_model>adminhtml/system_config_form_field_heading</frontend_model>
							<sort_order>10</sort_order>
							<show_in_default>1</show_in_default>
							<show_in_website>1</show_in_website>
							<show_in_store>1</show_in_store>
							<depends>
								<presets>1</presets>
							</depends>							
			    		</l_background>   
						<l_background_color>						
						    <label>Background Color</label>
						    <frontend_type>color</frontend_type>
						    <comment>Default: #FFFFFF</comment>
						    <sort_order>20</sort_order>
						    <show_in_default>1</show_in_default>
						    <show_in_website>1</show_in_website>
						    <show_in_store>1</show_in_store> 
							<depends>
								<presets>1</presets>
							</depends>						    		   					          
					    </l_background_color>
						<l_background_image>						
						    <label>Background Image</label>
						    <frontend_type>image</frontend_type>
						    <comment>JPG,GIF,PNG</comment>
						    <backend_model>adminhtml/system_config_backend_image</backend_model>
						    <upload_dir config="system/filesystem/media" scope_info="1">theming</upload_dir>
						    <base_url type="media" scope_info="1">theming</base_url>
						    <sort_order>30</sort_order>
						    <show_in_default>1</show_in_default>
						    <show_in_website>1</show_in_website>
						    <show_in_store>1</show_in_store>  
							<depends>
								<presets>1</presets>
							</depends>						    			   					          
					    </l_background_image>	
						<l_background_repeat translate="label">
							<label>Background Repeat</label>
							<frontend_type>Select</frontend_type>
							<source_model>themeoptions/bgrepeat</source_model>			
							<sort_order>40</sort_order>
							<show_in_default>1</show_in_default>
							<show_in_website>1</show_in_website>
							<show_in_store>1</show_in_store>
							<depends>
								<presets>1</presets>
							</depends>							
						</l_background_repeat>	
						<l_background_attachment translate="label">
							<label>Background Attachment</label>
							<frontend_type>Select</frontend_type>
							<source_model>themeoptions/bgattachment</source_model>			
							<sort_order>50</sort_order>
							<show_in_default>1</show_in_default>
							<show_in_website>1</show_in_website>
							<show_in_store>1</show_in_store>
							<depends>
								<presets>1</presets>
							</depends>							
						</l_background_attachment>	
						<l_background_postition translate="label">
							<label>Background Position</label>
							<frontend_type>Select</frontend_type>
							<source_model>themeoptions/bgpositions</source_model>			
							<sort_order>60</sort_order>
							<show_in_default>1</show_in_default>
							<show_in_website>1</show_in_website>
							<show_in_store>1</show_in_store>
							<depends>
								<presets>1</presets>
							</depends>							
						</l_background_postition>
						<l_text_settings translate="label">
							<label>Text Settings</label>
							<frontend_model>adminhtml/system_config_form_field_heading</frontend_model>
							<sort_order>70</sort_order>
							<show_in_default>1</show_in_default>
							<show_in_website>1</show_in_website>
							<show_in_store>1</show_in_store>
							<depends>
								<presets>1</presets>
							</depends>							
			    		</l_text_settings>  
						<l_text_color>						
						    <label>Text Color</label>
						    <frontend_type>color</frontend_type>
						    <comment>Default: #999999</comment>
						    <sort_order>80</sort_order>
						    <show_in_default>1</show_in_default>
						    <show_in_website>1</show_in_website>
						    <show_in_store>1</show_in_store> 
							<depends>
								<presets>1</presets>
							</depends>						    		   					          
					    </l_text_color>
						<l_link_color>						
						    <label>Link Color</label>
						    <frontend_type>color</frontend_type>
						    <comment>Default: #818181</comment>
						    <sort_order>90</sort_order>
						    <show_in_default>1</show_in_default>
						    <show_in_website>1</show_in_website>
						    <show_in_store>1</show_in_store> 
							<depends>
								<presets>1</presets>
							</depends>						    		   					          
					    </l_link_color>
						<l_active_color>						
						    <label>Active Color</label>
						    <frontend_type>color</frontend_type>
						    <comment>Default: #F01C35</comment>
						    <sort_order>100</sort_order>
						    <show_in_default>1</show_in_default>
						    <show_in_website>1</show_in_website>
						    <show_in_store>1</show_in_store> 
							<depends>
								<presets>1</presets>
							</depends>						    		   					          
					    </l_active_color>
						<l_heading_color>						
						    <label>Heading Text Color</label>
						    <frontend_type>color</frontend_type>
						    <comment>Default: #0d0d0d</comment>
						    <sort_order>110</sort_order>
						    <show_in_default>1</show_in_default>
						    <show_in_website>1</show_in_website>
						    <show_in_store>1</show_in_store> 
							<depends>
								<presets>1</presets>
							</depends>						    		   					          
					    </l_heading_color>
						<l_icons_settings translate="label">
							<label>Icons Settings</label>
							<frontend_model>adminhtml/system_config_form_field_heading</frontend_model>
							<sort_order>120</sort_order>
							<show_in_default>1</show_in_default>
							<show_in_website>1</show_in_website>
							<show_in_store>1</show_in_store>
							<depends>
								<presets>1</presets>
							</depends>							
			    		</l_icons_settings>  
						<l_icons_color>						
						    <label>Icons Color</label>
						    <frontend_type>color</frontend_type>
						    <comment>Default: #565656</comment>
						    <sort_order>130</sort_order>
						    <show_in_default>1</show_in_default>
						    <show_in_website>1</show_in_website>
						    <show_in_store>1</show_in_store> 
							<depends>
								<presets>1</presets>
							</depends>						    		   					          
					    </l_icons_color>
						<l_buttons_settings translate="label">
							<label>Buttons Settings</label>
							<frontend_model>adminhtml/system_config_form_field_heading</frontend_model>
							<sort_order>140</sort_order>
							<show_in_default>1</show_in_default>
							<show_in_website>1</show_in_website>
							<show_in_store>1</show_in_store>
							<depends>
								<presets>1</presets>
							</depends>							
			    		</l_buttons_settings>  
						<l_buttons_color>						
						    <label>Buttons Color</label>
						    <frontend_type>color</frontend_type>
						    <comment>Default: #565656</comment>
						    <sort_order>150</sort_order>
						    <show_in_default>1</show_in_default>
						    <show_in_website>1</show_in_website>
						    <show_in_store>1</show_in_store> 
							<depends>
								<presets>1</presets>
							</depends>						    		   					          
					    </l_buttons_color>
						<l_buttons_hover_color>						
						    <label>Buttons Hover Color</label>
						    <frontend_type>color</frontend_type>
						    <comment>Default: #F01C35</comment>
						    <sort_order>150</sort_order>
						    <show_in_default>1</show_in_default>
						    <show_in_website>1</show_in_website>
						    <show_in_store>1</show_in_store> 
							<depends>
								<presets>1</presets>
							</depends>						    		   					          
					    </l_buttons_hover_color>
						<l_labels_settings translate="label">
							<label>Labels Settings</label>
							<frontend_model>adminhtml/system_config_form_field_heading</frontend_model>
							<sort_order>160</sort_order>
							<show_in_default>1</show_in_default>
							<show_in_website>1</show_in_website>
							<show_in_store>1</show_in_store>
							<depends>
								<presets>1</presets>
							</depends>							
			    		</l_labels_settings>  
						<l_new_label_color>						
						    <label>New Label Color</label>
						    <frontend_type>color</frontend_type>
						    <comment>Default: #D89F04</comment>
						    <sort_order>170</sort_order>
						    <show_in_default>1</show_in_default>
						    <show_in_website>1</show_in_website>
						    <show_in_store>1</show_in_store> 
							<depends>
								<presets>1</presets>
							</depends>						    		   					          
					    </l_new_label_color>
						<l_sale_label_color>						
						    <label>Sale Label Color</label>
						    <frontend_type>color</frontend_type>
						    <comment>Default: #72B166</comment>
						    <sort_order>180</sort_order>
						    <show_in_default>1</show_in_default>
						    <show_in_website>1</show_in_website>
						    <show_in_store>1</show_in_store> 
							<depends>
								<presets>1</presets>
							</depends>						    		   					          
					    </l_sale_label_color>
						<l_easyslider_settings translate="label">
							<label>EasySlider Settings</label>
							<frontend_model>adminhtml/system_config_form_field_heading</frontend_model>
							<sort_order>190</sort_order>
							<show_in_default>1</show_in_default>
							<show_in_website>1</show_in_website>
							<show_in_store>1</show_in_store>
							<depends>
								<presets>1</presets>
							</depends>							
			    		</l_easyslider_settings>  
						<l_easyslider_background_color>						
						    <label>Background Color</label>
						    <frontend_type>color</frontend_type>
						    <comment>Default: #6F5C68</comment>
						    <sort_order>200</sort_order>
						    <show_in_default>1</show_in_default>
						    <show_in_website>1</show_in_website>
						    <show_in_store>1</show_in_store> 
							<depends>
								<presets>1</presets>
							</depends>						    		   					          
					    </l_easyslider_background_color>
					
					    
<!-- Dark Preset -->
						<d_background translate="label">
							<label>Background Settings</label>
							<frontend_model>adminhtml/system_config_form_field_heading</frontend_model>
							<sort_order>10</sort_order>
							<show_in_default>1</show_in_default>
							<show_in_website>1</show_in_website>
							<show_in_store>1</show_in_store>
							<depends>
								<presets>2</presets>
							</depends>							
			    		</d_background>   
						<d_background_color>						
						    <label>Background Color</label>
						    <frontend_type>color</frontend_type>
						    <comment>Default: #FFFFFF</comment>
						    <sort_order>20</sort_order>
						    <show_in_default>1</show_in_default>
						    <show_in_website>1</show_in_website>
						    <show_in_store>1</show_in_store> 
							<depends>
								<presets>2</presets>
							</depends>						    		   					          
					    </d_background_color>
						<d_background_image>						
						    <label>Background Image</label>
						    <frontend_type>image</frontend_type>
						    <comment>JPG,GIF,PNG</comment>
						    <backend_model>adminhtml/system_config_backend_image</backend_model>
						    <upload_dir config="system/filesystem/media" scope_info="1">theming</upload_dir>
						    <base_url type="media" scope_info="1">theming</base_url>
						    <sort_order>30</sort_order>
						    <show_in_default>1</show_in_default>
						    <show_in_website>1</show_in_website>
						    <show_in_store>1</show_in_store>  
							<depends>
								<presets>2</presets>
							</depends>						    			   					          
					    </d_background_image>	
						<d_background_repeat translate="label">
							<label>Background Repeat</label>
							<frontend_type>Select</frontend_type>
							<source_model>themeoptions/bgrepeat</source_model>			
							<sort_order>40</sort_order>
							<show_in_default>1</show_in_default>
							<show_in_website>1</show_in_website>
							<show_in_store>1</show_in_store>
							<depends>
								<presets>2</presets>
							</depends>							
						</d_background_repeat>	
						<d_background_attachment translate="label">
							<label>Background Attachment</label>
							<frontend_type>Select</frontend_type>
							<source_model>themeoptions/bgattachment</source_model>			
							<sort_order>50</sort_order>
							<show_in_default>1</show_in_default>
							<show_in_website>1</show_in_website>
							<show_in_store>1</show_in_store>
							<depends>
								<presets>2</presets>
							</depends>							
						</d_background_attachment>	
						<d_background_postition translate="label">
							<label>Background Position</label>
							<frontend_type>Select</frontend_type>
							<source_model>themeoptions/bgpositions</source_model>			
							<sort_order>60</sort_order>
							<show_in_default>1</show_in_default>
							<show_in_website>1</show_in_website>
							<show_in_store>1</show_in_store>
							<depends>
								<presets>2</presets>
							</depends>							
						</d_background_postition>
						<d_text_settings translate="label">
							<label>Text Settings</label>
							<frontend_model>adminhtml/system_config_form_field_heading</frontend_model>
							<sort_order>70</sort_order>
							<show_in_default>1</show_in_default>
							<show_in_website>1</show_in_website>
							<show_in_store>1</show_in_store>
							<depends>
								<presets>2</presets>
							</depends>							
			    		</d_text_settings>  
						<d_text_color>						
						    <label>Text Color</label>
						    <frontend_type>color</frontend_type>
						    <comment>Default: #999999</comment>
						    <sort_order>80</sort_order>
						    <show_in_default>1</show_in_default>
						    <show_in_website>1</show_in_website>
						    <show_in_store>1</show_in_store> 
							<depends>
								<presets>2</presets>
							</depends>						    		   					          
					    </d_text_color>
						<d_link_color>						
						    <label>Link Color</label>
						    <frontend_type>color</frontend_type>
						    <comment>Default: #818181</comment>
						    <sort_order>90</sort_order>
						    <show_in_default>1</show_in_default>
						    <show_in_website>1</show_in_website>
						    <show_in_store>1</show_in_store> 
							<depends>
								<presets>2</presets>
							</depends>						    		   					          
					    </d_link_color>
						<d_active_color>						
						    <label>Active Color</label>
						    <frontend_type>color</frontend_type>
						    <comment>Default: #82adb8</comment>
						    <sort_order>100</sort_order>
						    <show_in_default>1</show_in_default>
						    <show_in_website>1</show_in_website>
						    <show_in_store>1</show_in_store> 
							<depends>
								<presets>2</presets>
							</depends>						    		   					          
					    </d_active_color>
						<d_heading_color>						
						    <label>Heading Text Color</label>
						    <frontend_type>color</frontend_type>
						    <comment>Default: #82adb8</comment>
						    <sort_order>110</sort_order>
						    <show_in_default>1</show_in_default>
						    <show_in_website>1</show_in_website>
						    <show_in_store>1</show_in_store> 
							<depends>
								<presets>2</presets>
							</depends>						    		   					          
					    </d_heading_color>
						<d_icons_settings translate="label">
							<label>Icons Settings</label>
							<frontend_model>adminhtml/system_config_form_field_heading</frontend_model>
							<sort_order>120</sort_order>
							<show_in_default>1</show_in_default>
							<show_in_website>1</show_in_website>
							<show_in_store>1</show_in_store>
							<depends>
								<presets>2</presets>
							</depends>							
			    		</d_icons_settings>  
						<d_icons_color>						
						    <label>Icons Color</label>
						    <frontend_type>color</frontend_type>
						    <comment>Default: #ffffff</comment>
						    <sort_order>130</sort_order>
						    <show_in_default>1</show_in_default>
						    <show_in_website>1</show_in_website>
						    <show_in_store>1</show_in_store> 
							<depends>
								<presets>2</presets>
							</depends>						    		   					          
					    </d_icons_color>
						<d_buttons_settings translate="label">
							<label>Buttons Settings</label>
							<frontend_model>adminhtml/system_config_form_field_heading</frontend_model>
							<sort_order>140</sort_order>
							<show_in_default>1</show_in_default>
							<show_in_website>1</show_in_website>
							<show_in_store>1</show_in_store>
							<depends>
								<presets>2</presets>
							</depends>							
			    		</d_buttons_settings>  
						<d_buttons_color>						
						    <label>Buttons Color</label>
						    <frontend_type>color</frontend_type>
						    <comment>Default: #565656</comment>
						    <sort_order>150</sort_order>
						    <show_in_default>1</show_in_default>
						    <show_in_website>1</show_in_website>
						    <show_in_store>1</show_in_store> 
							<depends>
								<presets>2</presets>
							</depends>						    		   					          
					    </d_buttons_color>
						<d_buttons_hover_color>						
						    <label>Buttons Hover Color</label>
						    <frontend_type>color</frontend_type>
						    <comment>Default: #82adb8</comment>
						    <sort_order>150</sort_order>
						    <show_in_default>1</show_in_default>
						    <show_in_website>1</show_in_website>
						    <show_in_store>1</show_in_store> 
							<depends>
								<presets>2</presets>
							</depends>						    		   					          
					    </d_buttons_hover_color>
						<d_labels_settings translate="label">
							<label>Labels Settings</label>
							<frontend_model>adminhtml/system_config_form_field_heading</frontend_model>
							<sort_order>160</sort_order>
							<show_in_default>1</show_in_default>
							<show_in_website>1</show_in_website>
							<show_in_store>1</show_in_store>
							<depends>
								<presets>2</presets>
							</depends>							
			    		</d_labels_settings>  
						<d_new_label_color>						
						    <label>New Label Color</label>
						    <frontend_type>color</frontend_type>
						    <comment>Default: #D89F04</comment>
						    <sort_order>170</sort_order>
						    <show_in_default>1</show_in_default>
						    <show_in_website>1</show_in_website>
						    <show_in_store>1</show_in_store> 
							<depends>
								<presets>2</presets>
							</depends>						    		   					          
					    </d_new_label_color>
						<d_sale_label_color>						
						    <label>Sale Label Color</label>
						    <frontend_type>color</frontend_type>
						    <comment>Default: #72B166</comment>
						    <sort_order>180</sort_order>
						    <show_in_default>1</show_in_default>
						    <show_in_website>1</show_in_website>
						    <show_in_store>1</show_in_store> 
							<depends>
								<presets>2</presets>
							</depends>						    		   					          
					    </d_sale_label_color>
						<d_easyslider_settings translate="label">
							<label>EasySlider Settings</label>
							<frontend_model>adminhtml/system_config_form_field_heading</frontend_model>
							<sort_order>190</sort_order>
							<show_in_default>1</show_in_default>
							<show_in_website>1</show_in_website>
							<show_in_store>1</show_in_store>
							<depends>
								<presets>2</presets>
							</depends>							
			    		</d_easyslider_settings>  
						<d_easyslider_background_color>						
						    <label>Background Color</label>
						    <frontend_type>color</frontend_type>
						    <comment>Default: #82adb8</comment>
						    <sort_order>200</sort_order>
						    <show_in_default>1</show_in_default>
						    <show_in_website>1</show_in_website>
						    <show_in_store>1</show_in_store> 
							<depends>
								<presets>2</presets>
							</depends>						    		   					          
					    </d_easyslider_background_color>
					</fields> 
                </theme_presets> 			                                              			                				
            </groups>
        </themeoptions_theming>        
    </sections>
</config> 