<config>
    <acl>
        <resources>
            <all>
                <title>Allow Everything</title>
            </all>
            <admin>
                <children>
                    <system>
                        <children>
                            <config>
                                <children>
									<revslideshow translate="title" module="revslideshow">
										<title>Manage Slideshows</title>
										<sort_order>1</sort_order> 
                   					</revslideshow>                                   
                                </children>
                            </config>
                        </children>
                    </system>
                </children>
            </admin>
        </resources>
    </acl>
</config>