<?xml version="1.0"?>
<config>
	<sections>
		<themeoptions_general translate="label">
			<label>Ajax Cart Pro</label>
			<tab>novaworks</tab>
			<frontend_type>text</frontend_type>
			<sort_order>100</sort_order>
			<show_in_default>1</show_in_default>
			<show_in_website>1</show_in_website>
			<show_in_store>1</show_in_store>
			<groups>
				<prodcuts_list_page translate="label">
					<label>Products list page</label>
					<show_in_default>1</show_in_default>
					<show_in_website>1</show_in_website>
					<show_in_store>1</show_in_store>
					<sort_order>1</sort_order>
					<fields>
						<ajax_cart translate="label" module="ajax">
							<label>Ajax Cart</label>
                            <frontend_type>select</frontend_type>
                            <source_model>adminhtml/system_config_source_enabledisable</source_model>
                            <sort_order>109</sort_order>
                            <show_in_default>1</show_in_default>
                            <show_in_website>1</show_in_website>
                            <show_in_store>1</show_in_store>
						</ajax_cart>	
						<ajax_compare translate="label" module="ajax">
							<label>Ajax Compare</label>
                            <frontend_type>select</frontend_type>
                            <source_model>adminhtml/system_config_source_enabledisable</source_model>
                            <sort_order>110</sort_order>
                            <show_in_default>1</show_in_default>
                            <show_in_website>1</show_in_website>
                            <show_in_store>1</show_in_store>
						</ajax_compare>
						<ajax_wishlist translate="label" module="ajax">
							<label>Ajax Wishlist</label>
                            <frontend_type>select</frontend_type>
                            <source_model>adminhtml/system_config_source_enabledisable</source_model>
                            <sort_order>111</sort_order>
                            <show_in_default>1</show_in_default>
                            <show_in_website>1</show_in_website>
                            <show_in_store>1</show_in_store>
						</ajax_wishlist>
						<ajax_quickview translate="label" module="ajax">
							<label>Quick View</label>
                            <frontend_type>select</frontend_type>
                            <source_model>adminhtml/system_config_source_enabledisable</source_model>
                            <sort_order>112</sort_order>
                            <show_in_default>1</show_in_default>
                            <show_in_website>1</show_in_website>
                            <show_in_store>1</show_in_store>
						</ajax_quickview>
					</fields>
				</prodcuts_list_page>
			</groups>
		</themeoptions_general>
	</sections>
</config>
