<?xml version="1.0"?>
<config>
    <tabs>
        <add_this translate="label" module="sharingtool">
            <label>AddThis</label>
            <sort_order>100</sort_order>
        </add_this>
    </tabs>
    <sections>
        <sharing_tool translate="label" module="sharingtool">
            <label>Sharing Tool</label>
            <tab>add_this</tab>
            <frontend_type>text</frontend_type>
            <sort_order>40</sort_order>
            <show_in_default>1</show_in_default>
            <show_in_website>1</show_in_website>
            <show_in_store>1</show_in_store>
            <groups>
                <general translate="label" module="sharingtool">
                    <label>General</label>
                    <sort_order>800</sort_order>
                    <show_in_default>1</show_in_default>
                    <show_in_website>1</show_in_website>
                    <show_in_store>1</show_in_store>
                    <fields>
                        <enabled translate="label">
                            <label>Status</label>
                            <frontend_type>select</frontend_type>
                            <source_model>adminhtml/system_config_source_enabledisable</source_model>
                            <sort_order>10</sort_order>
                            <show_in_default>1</show_in_default>
                            <show_in_website>1</show_in_website>
                            <show_in_store>1</show_in_store>
                        </enabled>
                        <pubid translate="label">
                            <label>PubId</label>
                            <frontend_type>text</frontend_type>
                            <sort_order>20</sort_order>
                            <show_in_default>1</show_in_default>
                            <show_in_website>1</show_in_website>
                            <show_in_store>1</show_in_store>
                        </pubid>                        
                    </fields>
                </general>
                
                <button_style translate="label" module="sharingtool">
				    <label>Button Style</label>
                    <sort_order>900</sort_order>
                    <show_in_default>1</show_in_default>
                    <show_in_website>1</show_in_website>
                    <show_in_store>1</show_in_store>
				    <fields>
                        <button_set translate="label">
                            <frontend_type>radios</frontend_type>                            
                            <source_model>sharingtool/source_buttons</source_model>
                            <sort_order>10</sort_order>
                            <show_in_default>1</show_in_default>
                            <show_in_website>1</show_in_website>
                            <show_in_store>1</show_in_store>							
                        </button_set>
                        
                         <custom_button_url translate="label">
                            <label>Custom Button Image URL</label>
                            <frontend_type>text</frontend_type>
                            <sort_order>20</sort_order>
                            <show_in_default>1</show_in_default>
                            <show_in_website>1</show_in_website>
                            <show_in_store>1</show_in_store>
                            <comment>ex : http://www.addthis.com/lorem.jpg</comment>                            
                        </custom_button_url>
					</fields>	
				</button_style>
                
                 <api translate="label" module="sharingtool">
				    <label>API Configuration Options</label>
                    <sort_order>1100</sort_order>
                    <show_in_default>1</show_in_default>
                    <show_in_website>1</show_in_website>
                    <show_in_store>1</show_in_store>
				    <fields>
                         <services_exclude translate="label">
                            <label>Exclude Services</label>
                            <frontend_type>text</frontend_type>
                            <sort_order>10</sort_order>
                            <show_in_default>1</show_in_default>
                            <show_in_website>1</show_in_website>
                            <show_in_store>1</show_in_store>
                            <comment>Services to exclude from all menus. For example, setting this to 'facebook,myspace' would hide Facebook and MySpace on all menus.</comment>                            
                        </services_exclude>
                        <services_compact translate="label">
                            <label>Services in Compact menu</label>
                            <frontend_type>text</frontend_type>
                            <sort_order>20</sort_order>
                            <show_in_default>1</show_in_default>
                            <show_in_website>1</show_in_website>
                            <show_in_store>1</show_in_store>
                            <comment>Services to use in the compact menu.</comment>                            
                        </services_compact>
                        <services_expanded translate="label">
                            <label>Services in Expanded menu</label>
                            <frontend_type>text</frontend_type>
                            <sort_order>30</sort_order>
                            <show_in_default>1</show_in_default>
                            <show_in_website>1</show_in_website>
                            <show_in_store>1</show_in_store>
                            <comment>Services to use in the expanded menu. Useful if very few services are desired.</comment>                            
                        </services_expanded>
                        <services_custom_name translate="label">
                            <label>Custom Service</label>
                            <frontend_type>text</frontend_type>
                            <sort_order>40</sort_order>
                            <show_in_default>1</show_in_default>
                            <show_in_website>1</show_in_website>
                            <show_in_store>1</show_in_store>
                            <comment>Specify your own AddThis bookmarking service.</comment>                            
                        </services_custom_name>
                        <services_custom_url translate="label">
                            <label>Custom Service URL</label>
                            <frontend_type>text</frontend_type>
                            <sort_order>50</sort_order>
                            <show_in_default>1</show_in_default>
                            <show_in_website>1</show_in_website>
                            <show_in_store>1</show_in_store>                                                      
                        </services_custom_url>
                        <services_custom_icon translate="label">
                            <label>Custom Service Icon URL</label>
                            <frontend_type>text</frontend_type>
                            <sort_order>60</sort_order>
                            <show_in_default>1</show_in_default>
                            <show_in_website>1</show_in_website>
                            <show_in_store>1</show_in_store>                                                      
                        </services_custom_icon>
                        <ui_click translate="label">
                            <label>Compact menu hover</label>
                            <frontend_type>select</frontend_type>
                            <source_model>sharingtool/source_menuhover</source_model>
                            <sort_order>70</sort_order>
                            <show_in_default>1</show_in_default>
                            <show_in_website>1</show_in_website>
                            <show_in_store>1</show_in_store>                                                      
                        </ui_click>
                       <ui_delay translate="label">
                            <label>Delay</label>
                            <frontend_type>text</frontend_type>
                            <sort_order>80</sort_order>
                            <show_in_default>1</show_in_default>
                            <show_in_website>1</show_in_website>
                            <show_in_store>1</show_in_store>
                            <comment>Delay, in milliseconds, before compact menu appears when mousing over a regular button.</comment>                                                       
                        </ui_delay>
                        <ui_hover_direction translate="label">
                            <label>Comapct menu direction</label>
                            <frontend_type>select</frontend_type>
                            <source_model>sharingtool/source_uihover</source_model>
                            <sort_order>90</sort_order>
                            <show_in_default>1</show_in_default>
                            <show_in_website>1</show_in_website>
                            <show_in_store>1</show_in_store>
                            <comment>Normally the compact menu shown in the direction of the browser that has the most space.</comment>                                                                                
                        </ui_hover_direction>
                        <ui_open_windows translate="label">
                            <label>New window</label>
                            <frontend_type>select</frontend_type>
                            <source_model>adminhtml/system_config_source_yesno</source_model>
                            <sort_order>100</sort_order>
                            <show_in_default>1</show_in_default>
                            <show_in_website>1</show_in_website>
                            <show_in_store>1</show_in_store>
                            <comment>If yes, all shares will open in a new pop-up window instead of a new tab or regular browser window.</comment>                                                                                
					    </ui_open_windows>
					    <ui_language translate="label">
                            <label>Menu Language</label>
                            <frontend_type>select</frontend_type>
                            <source_model>sharingtool/source_languages</source_model>
                            <sort_order>110</sort_order>
                            <show_in_default>1</show_in_default>
                            <show_in_website>1</show_in_website>
                            <show_in_store>1</show_in_store>
                            <comment>Force the menu to use a particular language.</comment>                                                                                
                        </ui_language>
                        <ui_offset_top translate="label">
                            <label>Offset Top</label>
                            <frontend_type>text</frontend_type>
                            <sort_order>120</sort_order>
                            <show_in_default>1</show_in_default>
                            <show_in_website>1</show_in_website>
                            <show_in_store>1</show_in_store>
                            <comment>Number of pixels to offset the top of the compact menu from its parent element.</comment>                                                       
                        </ui_offset_top>
                        <ui_offset_left translate="label">
                            <label>Offset left</label>
                            <frontend_type>text</frontend_type>
                            <sort_order>130</sort_order>
                            <show_in_default>1</show_in_default>
                            <show_in_website>1</show_in_website>
                            <show_in_store>1</show_in_store>
                            <comment>Number of pixels to offset the left of the compact menu from its parent element.</comment>                                                       
                        </ui_offset_left>
                        <ui_header_color translate="label">
                            <label>Header Color</label>
                            <frontend_type>text</frontend_type>
                            <sort_order>140</sort_order>
                            <show_in_default>1</show_in_default>
                            <show_in_website>1</show_in_website>
                            <show_in_store>1</show_in_store>
                            <comment>Custom color to use for the text foreground in the header of the menu, in hex. (ex: ''#ff0000''). Leave blank for default.</comment>                                                       
                        </ui_header_color>
                        <ui_header_background translate="label">
                            <label>Header Background</label>
                            <frontend_type>text</frontend_type>
                            <sort_order>150</sort_order>
                            <show_in_default>1</show_in_default>
                            <show_in_website>1</show_in_website>
                            <show_in_store>1</show_in_store>
                            <comment>Color of the compact and extended menus' header backgrounds, in hex. (ex: ''#ff0000''). Leave blank for default.</comment>                                                       
                        </ui_header_background>
                        <ui_cobrand translate="label">
                            <label>Brand</label>
                            <frontend_type>text</frontend_type>
                            <sort_order>160</sort_order>
                            <show_in_default>1</show_in_default>
                            <show_in_website>1</show_in_website>
                            <show_in_store>1</show_in_store>
                            <comment>Additional branding message to be rendered in the upper-right-hand corner of the menus.</comment>                                                       
                        </ui_cobrand>
                        <ui_use_css translate="label">
                            <label>Load AddThis CSS</label>
                            <frontend_type>select</frontend_type>
                            <source_model>adminhtml/system_config_source_yesno</source_model>
                            <sort_order>170</sort_order>
                            <show_in_default>1</show_in_default>
                            <show_in_website>1</show_in_website>
                            <show_in_store>1</show_in_store>
					    </ui_use_css>
					    <ui_use_addressbook translate="label">
                            <label>Import Address</label>
                            <frontend_type>select</frontend_type>
                            <source_model>adminhtml/system_config_source_yesno</source_model>
                            <sort_order>180</sort_order>
                            <show_in_default>1</show_in_default>
                            <show_in_website>1</show_in_website>
                            <show_in_store>1</show_in_store>
                            <comment>If yes, the user will be able import their contacts from popular webmail services when using email sharing.</comment>                                                       
                       </ui_use_addressbook>
                       <ui_508_compliant translate="label">
                            <label>Keyboard Navigable</label>
                            <frontend_type>select</frontend_type>
                            <source_model>adminhtml/system_config_source_yesno</source_model>
                            <sort_order>190</sort_order>
                            <show_in_default>1</show_in_default>
                            <show_in_website>1</show_in_website>
                            <show_in_store>1</show_in_store>
                            <comment>If yes, clicking the AddThis button will open a new window to a page that is keyboard navigable.</comment>                                                       
                       </ui_508_compliant>
                       <data_track_clickback translate="label">
                            <label>Track Clickbacks</label>
                            <frontend_type>select</frontend_type>
                            <source_model>adminhtml/system_config_source_yesno</source_model>
                            <sort_order>200</sort_order>
                            <show_in_default>1</show_in_default>
                            <show_in_website>1</show_in_website>
                            <show_in_store>1</show_in_store>
                            <comment>Track how many people come back to your content by appending a variable to your URLs upon sharing. Highly recommended.</comment>                                                       
                       </data_track_clickback>
                       <data_ga_tracker translate="label">
                            <label>Google Analytics Property ID</label>
                            <frontend_type>text</frontend_type>
                            <sort_order>210</sort_order>
                            <show_in_default>1</show_in_default>
                            <show_in_website>1</show_in_website>
                            <show_in_store>1</show_in_store>
                            <comment>If set, AddThis will send tracking events to Google.</comment>                                                       
                        </data_ga_tracker>
					</fields>	
				</api>
				
				<custom_share translate="label" module="sharingtool">
                    <label>Custom URL and Title (Optional)</label>
                    <sort_order>1200</sort_order>
                    <show_in_default>1</show_in_default>
                    <show_in_website>1</show_in_website>
                    <show_in_store>1</show_in_store>
                    <fields>
                        <custom_url translate="label">
                            <label>URL to share</label>
                            <frontend_type>text</frontend_type>
                            <sort_order>10</sort_order>
                            <show_in_default>1</show_in_default>
                            <show_in_website>1</show_in_website>
                            <show_in_store>1</show_in_store>
                        </custom_url>
                        <custom_title translate="label">
                            <label>Page Title</label>
                            <frontend_type>text</frontend_type>
                            <sort_order>20</sort_order>
                            <show_in_default>1</show_in_default>
                            <show_in_website>1</show_in_website>
                            <show_in_store>1</show_in_store>
                        </custom_title>
                        <custom_description translate="label">
                            <label>Description</label>
                            <frontend_type>textarea</frontend_type>
                            <sort_order>30</sort_order>
                            <show_in_default>1</show_in_default>
                            <show_in_website>1</show_in_website>
                            <show_in_store>1</show_in_store>
                        </custom_description>                         
                    </fields>
                </custom_share>
            </groups>
        </sharing_tool>
    </sections>
</config>