<?xml version="1.0"?>
<config>
    <acl>
        <resources>
            <all>
                <title>Allow Everything</title>
            </all>
            <admin>
                <children>
                    <system>
                        <children>
                            <config>
                                <children>
					<htmlcompression translate="title" module="htmlcompression">
										<title>Html Compression</title>
										<sort_order>3</sort_order> 
                   </htmlcompression>                                                                        
                                </children>
                            </config>
                        </children>
                    </system>
                </children>
            </admin>
        </resources>
    </acl>
</config>