<?xml version="1.0"?>
<config>
	<tabs>
		<novaworks>
			<label>NovaWorks Theme</label>
			<sort_order>100</sort_order>
		</novaworks>
	</tabs>
    <sections>
      <htmlcompression translate="label" module="htmlcompression">
	<label>Html Compression</label>
	<tab>novaworks</tab>
	<sort_order>320</sort_order>
	<frontend_type>text</frontend_type>
	<show_in_default>1</show_in_default>
	<show_in_website>1</show_in_website>
	<show_in_store>1</show_in_store>
            <groups>
                <general_settings translate="label">
                    <label>General Settings</label>
                    <frontend_type>text</frontend_type>
                    <sort_order>1</sort_order>
                    <show_in_default>1</show_in_default>
                    <show_in_website>1</show_in_website>
                    <show_in_store>1</show_in_store>
                    <fields>
                        <enable translate="label">
                            <label>Enable</label>
                            <frontend_type>select</frontend_type>
                            <source_model>adminhtml/system_config_source_yesno</source_model>
                            <sort_order>1</sort_order>
                            <show_in_default>1</show_in_default>
                            <show_in_website>1</show_in_website>
                            <show_in_store>1</show_in_store>
                        </enable>
                    </fields>
                </general_settings>
            </groups>
        </htmlcompression>
    </sections>
</config>